{
    "ATL": 0.4986139345777121,
    "BOS": 0.5899731423455685,
    "CHA": 0.43921389396709326,
    "CHI": 0.5196149217809868,
    "CLE": 0.4689295039164491,
    "DAL": 0.5056478405315614,
    "DEN": 0.4971820632197991,
    "DET": 0.4873012972775443,
    "GSW": 0.47948396344741084,
    "HOU": 0.5216003927344134,
    "IND": 0.5116393040921343,
    "LAC": 0.3991640543364681,
    "LAL": 0.5971867007672634,
    "MEM": 0.41877459246767845,
    "MIA": 0.5193370165745856,
    "MIL": 0.5102705410821643,
    "MIN": 0.39243290805103387,
    "NJN": 0.4320019603038471,
    "NOH": 0.46365105008077545,
    "NYK": 0.4915770609318996,
    "OKC": 0.5391411042944785,
    "ORL": 0.484381874175099,
    "PHI": 0.5115548160473286,
    "PHO": 0.5392892892892893,
    "POR": 0.5339425587467362,
    "SAC": 0.45725246620387283,
    "SAS": 0.602890739833415,
    "TOR": 0.4499437570303712,
    "UTA": 0.5363973736797031,
    "WAS": 0.4533684441518543
}
